speaker,f1,f2,vowel
S1-1,-1.1135466211128613,1.8385399878833941,heed
S1-1,-0.5818699372426137,1.1458431352395233,hid
S1-1,-0.0501932533723661,1.1624845010688054,head
S1-1,0.6178107853364065,0.4552264533243127,had
S1-1,2.2264735724310016,-0.686787276710177,hard
S1-1,0.9449964369488666,-1.0175344225671603,hod
S1-1,-0.44554258240408867,-1.4002858366406505,hoard
S1-1,-0.3364806985332686,-0.6659855694235743,hood
S1-1,-0.8136264404681062,-0.701348471810799,whod
S1-1,1.3539785014644417,-0.2853143260787444,hud
S1-1,0.1270323079177164,-0.23539022859089787,heard
S1-1,-1.8224488662731915,1.6367634272033476,heed
S1-1,-0.39101164046867865,1.1229612572242602,hid
S1-1,-0.2955824920817111,1.1479233059681835,head
S1-1,-0.4864407888556462,0.7963744528245974,had
S1-1,2.117411688560182,-0.7304708620120428,hard
S1-1,0.8223018175941941,-1.01337408110984,hod
S1-1,-0.6227681436941712,-1.4231677146559136,hoard
S1-1,-0.7045645565972862,-0.6285424963076894,hood
S1-1,-0.5137062598233512,-0.4912512282161114,whod
S1-1,1.6402659466253442,-0.2832341553500841,hud
S1-1,1.1631202046905065,-0.35812030158185393,heard
S1-1,-1.7951833953054863,1.753252988008323,heed
S1-1,-0.8272591759519587,1.2082482570993314,hid
S1-1,-0.22741881466244862,1.1312819401389014,head
S1-1,0.22246145630468395,0.9357458916448357,had
S1-1,1.2994475595290316,-0.6909476181674976,hard
S1-1,0.713239933723374,-0.9800913494512755,hod
S1-1,-0.2955824920817111,-1.3982056659119904,hoard
S1-1,-1.5088959501445838,-0.6306226670363497,hood
S1-1,-0.9363210598227787,-0.48709088675879086,whod
S1-1,0.8086690821103415,-0.1937868140176924,hud
S1-1,0.5087489014655865,0.020470771034315695,heard
S1-1,-1.6452233049831089,1.7511728172796626,heed
S1-1,-0.5682372017587611,1.2456913302152164,hid
S1-1,0.18156324985312644,1.1021595499376575,head
S1-1,0.6996071982395216,0.6778047212909619,had
S1-1,0.19519598533697893,-0.8698423008322811,hard
S1-1,0.9040982304973091,-1.01337408110984,hod
S1-1,-0.8681573824035163,-1.54797795837553,hoard
S1-1,-1.0453829436935989,-0.6659855694235743,hood
S1-1,-0.21378607917859613,-0.3518797893958731,whod
S1-1,1.1903856756582116,-0.2853143260787444,hud
S1-1,0.37242154662706145,-0.09601878977065958,heard
S1-2,-0.9492086165410133,1.6900020806370135,heed
S1-2,-0.5917116484303828,0.8329705170326163,hid
S1-2,-0.26281443776860286,1.324096764107622,head
S1-2,1.7677683410997782,0.4638127088007411,had
S1-2,2.206297955315485,-0.20457433605961436,hard
S1-2,-0.03878300441927441,-0.9347587232671559,hod
S1-2,-0.4296463562202304,-1.2681391227717127,hoard
S1-2,-0.6203114058792333,-0.9087387896472882,hood
S1-2,-0.8205097080211864,-0.5525909482253469,whod
S1-2,0.638077921870186,-0.3379264958614371,hud
S1-2,-0.17701516542205153,-0.051707226042890735,heard
S1-2,-1.0064081314387143,1.7143957684056397,heed
S1-2,-0.5440453860156321,1.449317694653236,hid
S1-2,-0.029249751936324262,1.2964505846365124,head
S1-2,1.486537392852749,0.6410735065860909,had
S1-2,2.1252653092104086,-0.4224912801260076,hard
S1-2,0.2805809537595555,-0.8664563975150028,hod
S1-2,-0.8872424754018374,-1.448652412259546,hoard
S1-2,-0.5106790023253066,-0.7217205167544879,hood
S1-2,-0.8300429605041365,-0.5038035726880946,whod
S1-2,0.9240754963586904,-0.36394642948130496,hud
S1-2,-0.2675810640100779,-0.09724210987765948,heard
S1-2,-1.0111747576801893,1.699759555744464,heed
S1-2,-0.5106790023253066,1.324096764107622,hid
S1-2,-0.4296463562202304,1.1874921126033158,head
S1-2,0.6905108105264117,0.40852034985852187,had
S1-2,1.9679666432417313,-0.2582404491505918,hard
S1-2,-0.08644926683402514,-0.9363849691183977,hod
S1-2,-0.6107781533962832,-1.4470261664083044,hoard
S1-2,-0.5106790023253066,-0.8859713477299037,hood
S1-2,-1.0922074037852656,-1.0941308166888466,whod
S1-2,1.4055047467476727,-0.313532808092811,hud
S1-2,-0.5202122548082567,-0.16554443562981258,heard
S1-2,-1.05884102009494,1.668860884570871,heed
S1-2,-0.5106790023253066,1.3501166977274899,hid
S1-2,-0.5821783959474327,1.3013293221902376,head
S1-2,1.4531710091624235,0.5044688550817846,had
S1-2,1.886933997136655,-0.4224912801260076,hard
S1-2,-0.1293489030073008,-0.9363849691183977,hod
S1-2,-0.6346112846036586,-1.4096225118297443,hoard
S1-2,-0.8395762129870866,-0.9477686900770899,hood
S1-2,-1.1494069186829663,-0.7217205167544879,whod
S1-2,1.167173434673919,-0.4761573932169851,hud
S1-2,-0.3581469625981043,-0.1590394522248456,heard
S1-3,-1.3948460105938385,1.6235323711536076,heed
S1-3,-0.6400111045114706,1.3445778676158964,hid
S1-3,-0.21970530453378848,1.0236753184334162,head
S1-3,0.9897460790754602,0.7216493897910821,had
S1-3,0.3978868913517853,-0.580837427478984,hard
S1-3,0.569440279097778,-0.5787400251967456,hod
S1-3,-0.5885450881876728,-1.4680385928658406,hoard
S1-3,0.0890907934089984,-0.7507270123402969,hood
S1-3,-1.2490256310097447,-0.6311750822527064,whod
S1-3,1.1956101443706515,-0.2515452691675502,hud
S1-3,0.663794642358074,-0.2578374760142655,heard
S1-3,-1.6350207534382284,1.9087790815380343,heed
S1-3,-0.7086324596098678,1.2753635923020281,hid
S1-3,-0.04815191678779577,1.080305180053854,head
S1-3,1.2384984913071495,0.5161039661317157,had
S1-3,0.5351296015485795,-0.5116231521651158,hard
S1-3,0.3292655362533882,-0.8094542762429731,hod
S1-3,-0.3655256841178823,-1.4009217198342108,hoard
S1-3,-0.7686761453209652,-0.8199412876541652,hood
S1-3,-1.12893825958755,-0.5787400251967456,whod
S1-3,1.5044062423134383,-0.17394138472472825,hud
S1-3,0.6209062954215758,0.01063001611225374,heard
S1-3,-1.4977780432414343,1.7095258647253835,heed
S1-3,-0.6228557657368714,1.2879480059954587,hid
S1-3,0.0890907934089984,1.0446493412558004,head
S1-3,1.8989790341292216,0.5727338277521534,had
S1-3,0.7324159974564711,-0.5242075658585463,hard
S1-3,0.4236198995136842,-0.7087789666955283,hod
S1-3,-0.8630305085812612,-1.5938827298001466,hoard
S1-3,-0.7686761453209652,-0.8199412876541652,hood
S1-3,-0.914496524905059,-0.7507270123402969,whod
S1-3,1.5044062423134383,-0.19281800526487414,hud
S1-3,0.5265519321612798,-0.29349331481231883,heard
S1-3,-1.429156688143037,1.6507986008227074,heed
S1-3,-0.6057004269622721,1.3026298219711276,hid
S1-3,0.3292655362533882,1.2187337306815904,head
S1-3,2.147731446360911,0.5685390231876766,had
S1-3,0.6037509566469765,-0.5682530137855534,hard
S1-3,0.14913447912009586,-0.8367205059120727,hod
S1-3,-0.7257877983844669,-1.713434659887737,hoard
S1-3,-0.04815191678779577,-0.6081036571480836,hood
S1-3,-2.06390422280321,-1.0695321592405387,whod
S1-3,1.084100442335756,-0.18023359157144353,hud
S1-3,0.663794642358074,-0.18652579841815883,heard
S1-4,-1.3221492054686836,1.776655743871168,heed
S1-4,-0.6321763906866528,1.202668087081098,hid
S1-4,-0.06048462986725584,1.0145707806330009,head
S1-4,1.2997474907030333,0.7081854773464094,had
S1-4,1.1486105884174458,-0.6763658299107189,hard
S1-4,1.0369007041194027,-1.0021426080888667,hod
S1-4,-0.1721945141652989,-1.4578422680404426,hoard
S1-4,-0.6584610693450158,-0.5677735705180029,hood
S1-4,-1.4929996167480435,-0.6763658299107189,whod
S1-4,1.1486105884174458,-0.1896398101326528,hud
S1-4,-0.4941818277302466,0.14001526302380632,heard
S1-4,-1.3418627144624558,1.640915419630273,heed
S1-4,-0.5533223547115635,1.22399870946181,hid
S1-4,-0.1524810051715266,0.9951793057414443,head
S1-4,1.1880376064049902,0.7430901321512109,had
S1-4,1.483740241311575,-0.5794084554529368,hard
S1-4,1.0369007041194027,-1.0680736227201586,hod
S1-4,-0.39561428276138505,-1.3919112534091507,hoard
S1-4,-0.6124628816928804,-0.6123739627685827,hood
S1-4,-1.4929996167480435,-0.5464429481372909,whod
S1-4,1.0369007041194027,-0.4494855736795088,hud
S1-4,-0.369329604103022,0.07990169085998142,heard
S1-4,-1.3484338841270467,1.8212561361217479,heed
S1-4,-0.5336088457177912,1.2802339866473238,hid
S1-4,0.24836034436851032,0.9816052733173549,head
S1-4,1.5034537503053473,0.7062463298572538,had
S1-4,1.372030357013532,-0.5154165883108006,hard
S1-4,0.5966323365918211,-1.0351081154045128,hod
S1-4,-0.283904398463342,-1.4578422680404426,hoard
S1-4,-0.6124628816928804,-0.6123739627685827,hood
S1-4,-1.4929996167480435,-0.7093313372263648,whod
S1-4,1.0369007041194027,-0.5464429481372909,hud
S1-4,-0.22476387148202506,0.16522418038282966,heard
S1-4,-1.256437508822776,1.7882906288061018,heed
S1-4,-0.540180015382382,1.22399870946181,hid
S1-4,0.20236215671637492,0.9990576007197557,head
S1-4,1.1946087760695812,0.7993254093367246,had
S1-4,1.5888789559450271,-0.5464429481372909,hard
S1-4,0.9317619894859503,-0.9691771007732208,hod
S1-4,-0.39561428276138505,-1.4908077753560884,hoard
S1-4,-0.6584610693450158,-0.6123739627685827,hood
S1-4,-1.4929996167480435,-0.9381507409467306,whod
S1-4,1.1486105884174458,-0.5154165883108006,hud
S1-4,-0.6124628816928804,-0.12370879550136098,heard
S1-5,-1.3995186912673878,1.6298993072191486,heed
S1-5,-0.8088015994931775,1.3253864951066203,hid
S1-5,-0.06010202968632954,1.1516460562939508,head
S1-5,1.409821896356473,0.3912981143933436,had
S1-5,1.1831513843966015,-0.5072949078528285,hard
S1-5,0.04979882459724448,-1.0434616383822493,hod
S1-5,-0.6096063011041997,-1.2601701427077296,hoard
S1-5,-0.7744575825295607,-0.7258715889397352,hood
S1-5,-1.4888131353727918,-0.8753257298538596,whod
S1-5,1.1625449742184315,-0.22333204011599245,hud
S1-5,0.22838771280805226,0.013926408585179838,heard
S1-5,-1.2827490335910905,1.756935326996154,heed
S1-5,-0.67142553163871,1.2730775457866768,hid
S1-5,-0.03262681611543604,1.050764511176917,head
S1-5,1.3273962556437924,0.44547524047471365,had
S1-5,1.2381018115383886,-0.5185039684213879,hard
S1-5,0.07727403816813798,-0.9836799820165997,hod
S1-5,-0.6027374977114762,-1.3778652786776024,hoard
S1-5,-0.6027374977114762,-0.7165307051326025,hood
S1-5,-1.1522417691293463,-0.522240321944241,whod
S1-5,1.2793146318947288,-0.2289365704002721,hud
S1-5,0.5993030960151146,0.02139911563088605,heard
S1-5,-1.3857810844819411,1.9007849376259986,heed
S1-5,-0.6027374977114762,1.3104410810152078,hid
S1-5,0.015454807633627598,1.0488963344154905,head
S1-5,1.629623604923621,0.4959160130332306,had
S1-5,1.3411338624292393,-0.5353175592742269,hard
S1-5,0.17343728566626526,-0.9593936841180545,hod
S1-5,-0.43101741289339185,-1.2881927941291278,hoard
S1-5,-0.7813263859222841,-0.8136758967267833,hood
S1-5,-1.3033554437692607,-0.819280427011063,whod
S1-5,1.46477232349826,-0.11871414147610544,hud
S1-5,0.8122360011895392,-0.10376872738469302,heard
S1-5,-1.4476003150164516,1.9269394122859704,heed
S1-5,-0.6645567282459867,1.2506594246495581,hid
S1-5,0.1596996788808185,1.2207685964667332,head
S1-5,1.3892154861783028,0.38195723058621084,had
S1-5,1.1900201877893248,-0.6997171142797636,hard
S1-5,0.2489941229862224,-1.0789569968493538,hod
S1-5,-0.42414860950066846,-1.4357787582818256,hoard
S1-5,-0.9736528809185386,-0.6100446297312889,hood
S1-5,-1.255273820020197,-0.9425800932652155,whod
S1-5,1.4510347167128133,-0.23454110068455175,hud
S1-5,0.3245509603061795,0.02700364591516571,heard
S2-1,-1.0572979861074703,1.919516431619427,heed
S2-1,-0.9106928775326416,1.2900532370068836,hid
S2-1,0.03041733557674233,0.9363203178442151,head
S2-1,1.2647377658357835,0.25969273400998255,had
S2-1,1.5011976183758298,-0.5801961971300971,hard
S2-1,0.299981567472395,-0.9575113109036101,hod
S2-1,-0.8775884981770351,-1.0953764486285475,hoard
S2-1,-1.010006015599461,-0.9502552510233502,hood
S2-1,-1.0383811979042665,-0.9756514606042598,whod
S2-1,1.1370494454641586,-0.1847409336559343,hud
S2-1,0.38983631143761255,-0.18655494862599925,heard
S2-1,-0.9579848480406509,1.9866349855118308,heed
S2-1,-0.7640877689578129,1.4025221651509114,hid
S2-1,-0.2722512756745168,0.8764578238320712,head
S2-1,1.2694669628865844,0.34132340766290603,had
S2-1,1.2931129481405892,-0.5511719576090576,hard
S2-1,0.14864726184676544,-0.9375571462328954,hod
S2-1,-1.2133614887839008,-1.2132874216827705,hoard
S2-1,-0.887046892278637,-0.9901635803647795,hood
S2-1,-0.9769016362438545,-0.8903927570112063,whod
S2-1,1.0661114897021446,-0.24641744263814316,hud
S2-1,0.3188983556755987,0.3014150783214768,heard
S2-1,-1.1613403212250906,2.2224569316202767,heed
S2-1,-0.7782753601102157,1.2936812669470135,hid
S2-1,-0.1114585759472854,0.8347354795205769,head
S2-1,1.2316333864801772,0.39937188670498497,had
S2-1,1.8795333824399036,-0.5203337031179531,hard
S2-1,0.4371282819456218,-0.9375571462328954,hod
S2-1,-0.636399448586188,-1.2622658258745245,hoard
S2-1,-0.7830045571610166,-0.7851798887474383,hood
S2-1,-0.9106928775326416,-0.9756514606042598,whod
S2-1,1.2174457953277742,-0.2772556971292476,hud
S2-1,0.46077426719962644,-0.09404018515268596,heard
S2-1,-0.9910892273962573,1.8487698477868932,heed
S2-1,-1.010006015599461,1.382568000480197,hid
S2-1,-0.04997901428687338,0.7349646561670038,head
S2-1,1.364050903902603,0.39392984179479007,had
S2-1,1.931554549998714,-0.6110344516212015,hard
S2-1,0.2432312028627839,-0.9157889665921158,hod
S2-1,-0.9059636804818406,-1.1461688677903665,hoard
S2-1,-0.7215249955006046,-0.4024227300637303,hood
S2-1,-1.2228198828855026,-0.5384738528186028,whod
S2-1,1.4586348449186215,-0.2772556971292476,hud
S2-1,0.30471076452319595,0.07829123700348586,heard
S2-2,-1.604371579424822,1.8474484414124726,heed
S2-2,-0.45093221490488156,1.0157863210901725,hid
S2-2,0.47926082099829614,0.8420061765452143,head
S2-2,0.8048283835644083,0.4241063051394814,had
S2-2,0.7955264532053765,-0.5461661685698688,hard
S2-2,0.6373936371018364,-0.8937264576597852,hod
S2-2,-0.3579129113145638,-1.5805717908612869,hoard
S2-2,-0.6090650310084218,-0.7199463131148269,hood
S2-2,-1.8555236991186799,-0.47582658625405233,whod
S2-2,0.6373936371018364,-0.26894546179576867,hud
S2-2,0.47926082099829614,-0.024825734934994032,heard
S2-2,-1.353219459730964,1.8536548751462212,heed
S2-2,-0.7671978471119619,1.2930070278642725,hid
S2-2,0.47926082099829614,0.8068363853873061,head
S2-2,2.404760405317874,0.3392850441115851,had
S2-2,0.47926082099829614,-0.6847765219569187,hard
S2-2,0.6373936371018364,-0.8233868753439688,hod
S2-2,-0.7299901256758349,-1.628154449486692,hoard
S2-2,-0.45093221490488156,-0.7551161042727352,hood
S2-2,-1.4276349026032182,-0.19860587947995226,whod
S2-2,0.6373936371018364,-0.3041152529536769,hud
S2-2,0.6373936371018364,0.04344503613623956,heard
S2-2,-1.59506964906579,1.9798523610657741,heed
S2-2,-0.6090650310084218,1.2930070278642725,hid
S2-2,0.47926082099829614,1.2578372367063644,head
S2-2,1.6792098373133955,0.41583106016115007,had
S2-2,0.6373936371018364,-0.6847765219569187,hard
S2-2,0.6373936371018364,-0.8937264576597852,hod
S2-2,-0.6183669613674535,-1.5164386422792189,hoard
S2-2,-0.45093221490488156,-0.7882170841860605,hood
S2-2,-1.5857677187067583,-0.4220374938948986,whod
S2-2,0.6373936371018364,-0.26894546179576867,hud
S2-2,0.6373936371018364,0.008275244978331344,heard
S2-2,-1.4834464847574087,1.9177880237282892,heed
S2-2,-0.45093221490488156,1.2930070278642725,hid
S2-2,0.05137202448283439,1.021992754823921,head
S2-2,1.8559465141349991,0.29584000797534554,had
S2-2,0.6373936371018364,-0.5461661685698688,hard
S2-2,0.6373936371018364,-0.8937264576597852,hod
S2-2,-0.4788380059819769,-1.601259903307115,hoard
S2-2,-0.45093221490488156,-0.8937264576597852,hood
S2-2,-1.2602001561406462,-0.239982104371609,whod
S2-2,1.2606229711569654,-0.3041152529536769,hud
S2-2,0.3304299352537877,0.008275244978331344,heard
S2-3,-1.3892872930369302,2.0917154979451054,heed
S2-3,-0.6125404046964229,1.0180859315401272,hid
S2-3,0.02358851247899254,1.0251492839506862,head
S2-3,1.5235135382399723,0.5059928817745949,had
S2-3,0.9677377474446092,-0.7089037328415645,hard
S2-3,0.6731096173844168,-0.705372056636285,hod
S2-3,-0.37817711942126986,-1.2933961448153273,hoard
S2-3,-0.6661091556164579,-0.8890192193108207,hood
S2-3,-1.1214435384367554,-0.5623391703224639,whod
S2-3,1.5837783830250116,-0.07320201589124857,hud
S2-3,-0.03667633230604682,-0.11381629225196321,heard
S2-3,-1.637042766042092,1.9239608781943274,heed
S2-3,-0.9071685347566154,1.441887076173671,hid
S2-3,-0.17059820960613428,0.9050722929711821,head
S2-3,1.054786967689666,0.5995823012145025,had
S2-3,1.7846611989751426,-0.6594602659676511,hard
S2-3,0.3583932057292112,-0.9985011816744862,hod
S2-3,-0.6058443108314185,-1.4275998406159496,hoard
S2-3,-0.398265401016283,-0.7830689331524348,hood
S2-3,-0.9808255672716635,-0.6400360468386136,whod
S2-3,1.2556697836397972,-0.2250640927182685,hud
S2-3,0.20438304683411063,-0.07320201589124857,heard
S2-3,-1.4830326071469915,2.070525440713428,heed
S2-3,-0.8335115022415672,1.0534026935929224,hid
S2-3,-0.07685289549607306,0.9863008456926113,head
S2-3,0.9677377474446092,0.4512519005927621,had
S2-3,0.4856189891642943,-0.5817633894515013,hard
S2-3,1.1351400940697185,-0.7971956379735529,hod
S2-3,-0.9004724408916109,-1.5247209362611367,hoard
S2-3,-0.49870680899134856,-0.7247962757653225,hood
S2-3,-1.0879630691117335,-0.8289807238210687,whod
S2-3,0.6396291480593949,-0.15089889240739832,hud
S2-3,0.23786351615913248,-0.10675293984140415,heard
S2-3,-1.7173958924221446,1.8833466018336127,heed
S2-3,-0.9540411918116459,1.0657635603114008,hid
S2-3,0.030284606343996913,0.8556288260972686,head
S2-3,1.108355718609701,0.4512519005927621,had
S2-3,1.4900330689149504,-0.5376174368855072,hard
S2-3,0.31821664253918497,-0.8837217050029014,hod
S2-3,-0.1170294586860993,-1.42230232630803,hoard
S2-3,-0.39156930715127863,-0.9225701432609763,hood
S2-3,-0.9071685347566154,-0.5270224082696686,whod
S2-3,2.2466916756604447,-0.11734796845724274,hud
S2-3,-0.2174708666611649,-0.05024612055693161,heard
S2-4,-1.0610408260373019,1.5973754630644226,heed
S2-4,-0.7884672502275247,1.5973754630644226,hid
S2-4,0.27154110014383115,1.4211079783162375,head
S2-4,1.066547362922348,0.37377107864740944,had
S2-4,0.6425440227738057,-0.7368852087464949,hard
S2-4,0.08982538293731303,-1.0415028037482128,hod
S2-4,-0.561322603719377,-1.3683677511938765,hoard
S2-4,-0.4931792097669327,-0.8652353190000277,hood
S2-4,-1.1291842199897462,-0.2919381598675809,whod
S2-4,1.4072643326845695,-0.4065975916940703,hud
S2-4,0.21854068262526338,-0.02839260014699349,heard
S2-4,-0.947468502783228,1.5494580885697704,heed
S2-4,-0.826324691312216,1.465602683204129,hid
S2-4,0.2639696119268929,1.1832324406463566,head
S2-4,0.5819721170382997,0.46276048842319223,had
S2-4,1.0286899218376568,-0.7796685788310058,hard
S2-4,-0.14489075178777291,-1.0791521694225825,hod
S2-4,-0.6900379034073274,-1.3871924340310613,hoard
S2-4,-0.3644639100789823,-0.8652353190000277,hood
S2-4,-1.507758630836659,-0.43569028335153775,whod
S2-4,1.5359796323725199,-0.4065975916940703,hud
S2-4,0.6955444402923735,-0.09000065306868926,heard
S2-4,-1.1746131492913758,1.54774675376639,heed
S2-4,-0.6976093916242656,1.4296646523331398,hid
S2-4,0.6955444402923735,1.1746757666294545,head
S2-4,1.1574052215256072,0.46618315802995314,had
S2-4,1.0286899218376568,-0.5794424068354945,hard
S2-4,0.4608283055672876,-1.1784095880186478,hod
S2-4,-0.561322603719377,-1.2913576850417567,hoard
S2-4,-0.4931792097669327,-0.7505758871735384,hood
S2-4,-1.3790433311487087,-0.3501235431825159,whod
S2-4,2.043269342907383,-0.4065975916940703,hud
S2-4,0.5214002113027936,-0.15332004079376546,heard
S2-4,-2.567766981208015,1.6624061855928793,heed
S2-4,-0.8868965970477221,1.2944692028660851,hid
S2-4,0.27154110014383115,1.285912528849183,head
S2-4,1.119547780440916,0.4028637703048769,had
S2-4,1.2861205212135576,-0.608535098492962,hard
S2-4,0.5214002113027936,-0.8378539621459407,hod
S2-4,-0.5991800448040683,-1.3358523899296482,hoard
S2-4,-0.3644639100789823,-0.7505758871735384,hood
S2-4,-1.3790433311487087,-0.2919381598675809,whod
S2-4,1.4072643326845695,-0.4065975916940703,hud
S2-4,0.3018270530115842,-0.1909694064681351,heard
S2-5,-1.2638402463052538,1.6626630979956971,heed
S2-5,-0.7748452062215032,1.2842465579868814,hid
S2-5,0.20883086278418114,0.9662156360645788,head
S2-5,1.7781637821227296,0.1510097918966514,had
S2-5,0.9707533671007228,-0.7185431085491378,hard
S2-5,0.39078250560604183,-0.8795714234465063,hod
S2-5,-0.8032751504124189,-1.6404302113365719,hoard
S2-5,-0.5872075745614593,-0.40051218662683535,hood
S2-5,-1.0250287151015616,0.12081698285339482,whod
S2-5,0.5727341484279025,-0.36226796183871035,hud
S2-5,0.21451685162236428,-0.15695686034456566,heard
S2-5,-1.1330625030270414,1.6344831428886577,heed
S2-5,-0.843077072279701,1.3285293445836577,hid
S2-5,0.5613621707515363,1.1675010296862893,head
S2-5,2.2046129449864655,0.3180766686026711,had
S2-5,0.41921244979695754,-0.5474505239706839,hard
S2-5,0.09511108602051821,-1.1291653115374272,hod
S2-5,-0.5872075745614593,-1.6504944810176574,hoard
S2-5,-0.5815215857232763,-0.3280494449230196,hood
S2-5,-1.1671784360561404,-0.3079209055608485,whod
S2-5,0.669395958677016,-0.32603659098680243,hud
S2-5,0.27137674000419576,-0.014044230873151205,heard
S2-5,-1.343444090039818,1.7713572105514208,heed
S2-5,-0.8032751504124189,1.4855319516085919,hid
S2-5,0.4874443158551553,0.9018043101056314,head
S2-5,2.250100855691931,0.25567819657994084,had
S2-5,1.3517146192589935,-0.5192705688636445,hard
S2-5,0.27706272884237887,-0.9943040978108812,hod
S2-5,-0.6611254294578403,-1.7732785711269008,hoard
S2-5,-0.5644636192087268,-0.4689492204582169,hood
S2-5,-1.1387484918652246,-0.412589310244138,whod
S2-5,1.0503572108352868,-0.39648647875440113,hud
S2-5,0.04962317531505303,-0.2173424784310788,heard
S2-5,-1.3320721123634516,1.7431772554443814,heed
S2-5,-0.8715070164706167,1.4593648504377694,hid
S2-5,0.18608690743144854,1.239963771390105,head
S2-5,2.528714308762905,0.35229518551836186,had
S2-5,0.38509651676785867,-0.5756304790777235,hard
S2-5,0.07805311950596877,-1.0748182552595655,hod
S2-5,-0.5587776303705436,-1.6384173574003549,hoard
S2-5,-0.6668114182960234,-0.6078361420571972,hood
S2-5,-1.07620261464521,-0.221368186303513,whod
S2-5,0.476072338178789,-0.4045378944992695,hud
S2-5,0.30549267303329464,-0.07644270289588145,heard
S3-1,-1.2148166019470938,1.7785954625200742,heed
S3-1,-0.6805401500230652,1.4360571167083447,hid
S3-1,0.48515392690208814,0.9242182091735762,head
S3-1,2.2154810723378624,0.44190846938119827,had
S3-1,0.6976502430082359,-0.5679890674085564,hard
S3-1,0.16337379108420724,-0.8908413013920257,hod
S3-1,-0.29197545771468075,-1.3888999306470118,hoard
S3-1,-0.6683975033884282,-1.1605410334391921,hood
S3-1,-1.2816011584375975,-0.3101010024583461,whod
S3-1,0.6065803932484582,-0.31994405837247625,hud
S3-1,0.23622967089202934,-0.09355377234748254,heard
S3-1,-1.3787423315146936,1.9085238005865923,heed
S3-1,-0.6866114733403837,1.392747670686172,hid
S3-1,0.819076709354606,1.0108371012179216,head
S3-1,2.1547678391646774,0.3198545760459843,had
S3-1,0.7158642129601914,-0.6191729581620332,hard
S3-1,0.21801570094007383,-0.9361193585970244,hod
S3-1,-0.46804383391691745,-1.2314110360209292,hoard
S3-1,-0.6683975033884282,-1.0463615848352823,hood
S3-1,-1.2148166019470938,-0.36719072676030107,whod
S3-1,0.6794362730562804,-0.3947512833198655,hud
S3-1,0.4730112802674511,-0.08371071643335239,heard
S3-1,-1.3544570382454195,1.8140304638109428,heed
S3-1,-0.868751172859939,1.4773979515476914,hid
S3-1,0.24837231752666636,1.0206801571320518,head
S3-1,1.347281837961316,0.5206529166942395,had
S3-1,0.8130053860372876,-0.5778321233226865,hard
S3-1,0.3151568740171699,-0.9577740816081107,hod
S3-1,-0.2980467810319993,-1.2432227031178855,hoard
S3-1,-0.8505372029079834,-0.9184018579515901,hood
S3-1,-1.324100421658827,-0.3849082274057353,whod
S3-1,0.6855075963735988,-0.30025794654421595,hud
S3-1,-0.036979878387303475,-0.08371071643335239,heard
S3-1,-1.4030276247839675,1.8691515769300717,heed
S3-1,-0.893036466129213,1.392747670686172,hid
S3-1,0.5944377466138212,0.8710657072372733,head
S3-1,2.531189884838425,0.41631652400445984,had
S3-1,0.6430083331523693,-0.6014554575165989,hard
S3-1,0.2969429040652144,-1.04242436246963,hod
S3-1,-0.4073306007437324,-1.3022810386026664,hoard
S3-1,-0.8262519096387094,-0.8809982454778955,hood
S3-1,-1.3483857149281009,-0.37309656030877913,whod
S3-1,0.72193553627751,-0.35734767084617086,hud
S3-1,0.5033678968540436,-0.16048655256356764,heard
S3-2,-1.6362376690889806,1.9805305673960565,heed
S3-2,-0.593295009605089,1.1718932070341974,hid
S3-2,0.587868966195945,1.1432493768306438,head
S3-2,0.587868966195945,0.6122368322878428,had
S3-2,0.6695451985651654,-0.45860174301423756,hard
S3-2,0.23603288829776461,-0.9433434849205291,hod
S3-2,-0.4048113964453495,-1.5140167174374812,hoard
S3-2,-0.6749712419743095,-0.9896142875570387,hood
S3-2,-1.3346638880333976,-0.8728355951887049,whod
S3-2,1.7815985162076282,-0.26029830314348196,hud
S3-2,0.28001239803503714,0.050377085987368495,heard
S3-2,-1.4791679914558644,1.777820384417062,heed
S3-2,-0.593295009605089,1.1983336656836316,hid
S3-2,0.2988607593510111,0.8281672445915544,head
S3-2,1.7187706451543816,0.5329154563395405,had
S3-2,1.4548935867307464,-0.31758596355058916,hard
S3-2,0.3868197788255562,-0.9984277737735168,hod
S3-2,-0.3922458222347002,-1.6528291253470102,hoard
S3-2,-0.49905320302521927,-0.9830041728946802,hood
S3-2,-1.523147501193137,-0.09504543658451896,whod
S3-2,1.7627501548916542,-0.05979149171860684,hud
S3-2,0.28001239803503714,0.2773243560616777,heard
S3-2,-1.5545614367197602,1.5949405454251429,heed
S3-2,-0.3671146738134017,1.209350523454229,hid
S3-2,0.3239919077723097,0.9118953636480956,head
S3-2,1.2538443993603576,0.4602041950535968,had
S3-2,1.247561612255033,-0.5291096327460618,hard
S3-2,0.16692223013919347,-0.8882591960675414,hod
S3-2,-0.7754958356595039,-1.4567290570303741,hoard
S3-2,-0.4236597577613235,-0.9741906866782022,hood
S3-2,-1.3409466751387222,-0.604024265586125,whod
S3-2,1.1281886572538646,-0.11487578057159452,hud
S3-2,0.016135339611401907,0.2442737827498851,heard
S3-2,-1.6425204561943054,1.6456180911698914,heed
S3-2,-0.6184261580263876,1.2710449269695752,hid
S3-2,0.07268042355932375,0.9008785058774981,head
S3-2,1.3920657156775,0.5218985985689429,had
S3-2,0.7512214309343858,-0.438771399027162,hard
S3-2,0.14807386882321952,-0.9918176591111583,hod
S3-2,-0.4299425448666481,-1.6528291253470102,hoard
S3-2,-0.36083188670807703,-0.9455468564746485,hood
S3-2,-1.3220983138227482,-0.6767355268720687,whod
S3-2,1.4234796512041232,-0.1413162392210286,hud
S3-2,-0.00271302170457204,0.22664681031692904,heard
S3-3,-1.1972767804919076,1.7018926029521728,heed
S3-3,-0.5606920517503974,1.570585121426815,hid
S3-3,-0.0972136966140346,0.9365082040609414,head
S3-3,1.4607436658322932,0.4700210986419064,had
S3-3,1.16478760773317,-0.5096018227380671,hard
S3-3,-0.08046146691031066,-1.1160350597828126,hod
S3-3,-0.7840551144667167,-1.4460314936162781,hoard
S3-3,-1.1861086273560917,-0.8378705265514621,hood
S3-3,-0.8622321864174285,0.10547006440703091,whod
S3-3,1.5445048143509128,-0.6305429241430021,hud
S3-3,-0.30382452962663004,0.3905455177186634,heard
S3-3,-1.2084449336277236,1.5947733417078018,heed
S3-3,-0.5886124345899373,1.13865261640919,hid
S3-3,0.06472452385529695,1.0090728649039025,head
S3-3,1.3825665938815814,0.3542631872971829,had
S3-3,1.16478760773317,-0.5597059933201116,hard
S3-3,0.41652134763349996,-1.1471342001440816,hod
S3-3,-0.9459933349360483,-1.4754029039574765,hoard
S3-3,-0.7226302722197289,-0.9795443881972431,hood
S3-3,-0.8454799567137046,-0.10185753800142909,whod
S3-3,1.7566997239314164,-0.4111212115940486,hud
S3-3,-0.2088952279721943,0.2056784055711199,heard
S3-3,-1.2196130867635395,1.5101145707243475,heed
S3-3,-0.7561347316271768,1.3891734693194124,hid
S3-3,-0.22006338110801027,1.0971870959274979,head
S3-3,1.5445048143509128,0.3456245371968304,had
S3-3,1.443991436128569,-0.7411176454275141,hard
S3-3,0.5282028789916596,-1.0365594788595696,hod
S3-3,-0.5216035157750415,-1.3786500228335286,hoard
S3-3,-0.6500372768369251,-0.7687613257486421,hood
S3-3,-0.8789844161211524,-0.2970910302693956,whod
S3-3,1.4551595892643852,-0.4007548314736256,hud
S3-3,-0.14747038572520646,0.1123809844873129,heard
S3-3,-1.2196130867635395,1.784823643915557,heed
S3-3,-0.6053646642936612,1.6068674518482955,hid
S3-3,-0.3931697547131578,0.9278695539605889,head
S3-3,1.6450181925732565,0.4233723881000029,had
S3-3,1.7231952645239683,-0.7704890557687126,hard
S3-3,0.0032996816083091193,-1.1160350597828126,hod
S3-3,-0.6165328174294772,-1.3786500228335286,hoard
S3-3,-0.6332850471332011,-0.9363511376954806,hood
S3-3,-0.9906659474793121,-0.2435313996472101,whod
S3-3,1.4160710532890293,-0.5407009630993361,hud
S3-3,-0.27032007021918214,0.1486633149087934,heard
S3-4,-1.476669667777178,1.705194110253886,heed
S3-4,-0.8176530903291915,1.4878994081648567,hid
S3-4,0.6024812244530889,0.6187205998087398,head
S3-4,0.7324281552174806,0.14942440293590595,had
S3-4,0.3054596684201937,-0.5552743878667096,hard
S3-4,0.11053927227360615,-0.989863792044768,hod
S3-4,-0.5020676870442403,-1.2494102417622197,hoard
S3-4,0.11053927227360615,-0.7921859727832207,hood
S3-4,-1.3652865842648423,-0.1508648034232386,whod
S3-4,0.27761389754210974,-0.41342923511414886,hud
S3-4,0.7324281552174806,-0.07843323606022885,heard
S3-4,-1.4024142787689542,1.8530752269533641,heed
S3-4,-0.6691423123127439,1.3143654446909792,hid
S3-4,-0.12150881837709328,0.9446626529422837,head
S3-4,3.387058312261482,0.12377155616150666,had
S3-4,0.22192235578594188,-0.5432024599728746,hard
S3-4,0.11053927227360615,-0.989863792044768,hod
S3-4,-0.9104723265894713,-1.34447667392617,hoard
S3-4,-0.8176530903291915,-0.7876589998230326,hood
S3-4,-1.439541973273066,-0.3817404243928321,whod
S3-4,0.7324281552174806,-0.6095980633889669,hud
S3-4,1.048013558502432,-0.15388278539669734,heard
S3-4,-1.2724673480045625,2.559283008742709,heed
S3-4,-0.7526796249469957,1.3022935167971443,hid
S3-4,0.9551943222421521,0.8043264911764523,head
S3-4,1.3543170381613552,0.12377155616150666,had
S3-4,0.2497681266640258,-0.6307239372031781,hard
S3-4,0.11053927227360615,-0.989863792044768,hod
S3-4,-0.650578465060688,-1.3625845657669222,hoard
S3-4,0.027001959639354357,-0.5416934689861453,hood
S3-4,-1.485951591403206,-0.19764352401184904,whod
S3-4,1.3543170381613552,-0.45869896471603,hud
S3-4,0.2961777447941657,-0.08446920000714633,heard
S3-4,-1.2910311952566185,1.6991581463069685,heed
S3-4,-0.39996652715793257,1.5346781287534672,hid
S3-4,0.96447624586818,1.3370003094919198,head
S3-4,1.2058062601449075,0.12377155616150666,had
S3-4,0.6303269953311729,-0.49038777543734674,hard
S3-4,0.11053927227360615,-0.989863792044768,hod
S3-4,-0.1957642073853171,-1.2418652868285727,hoard
S3-4,-0.037971505742841485,-0.8374557023851017,hood
S3-4,-1.4116962023949822,-0.32590775788384546,whod
S3-4,0.8623750859818723,-0.4119202441274195,hud
S3-4,0.5282258354448651,-0.07843323606022885,heard
S3-5,-1.4631674466592617,1.2686418071886794,heed
S3-5,-0.15841693247290137,1.1973350327514107,hid
S3-5,0.39325610372670067,0.7824592542073018,head
S3-5,1.330224593779993,0.23145236082840712,had
S3-5,1.400278312662482,-0.8316668216908719,hard
S3-5,-0.4298750931425468,-1.566342679529398,hod
S3-5,-1.174195856268994,-1.7975494936138754,hoard
S3-5,-0.08836321359041222,-0.16829773828961447,hood
S3-5,-1.2705197197324165,0.9185903690420875,whod
S3-5,2.0307617826048845,-0.49890187431695127,hud
S3-5,0.6034172603741681,0.05858745310169508,heard
S3-5,-1.4106271574973948,1.5344216028184992,heed
S3-5,-0.7100899686725034,1.2319080142967531,hid
S3-5,0.13055465791736637,0.7586903293948788,head
S3-5,1.636709613890883,0.27682939910666904,had
S3-5,1.6629797584718164,-0.8187019536113685,hard
S3-5,0.8310918467422578,-0.9980492953778323,hod
S3-5,-0.6050093903487697,-1.6614183787790897,hoard
S3-5,-1.0340884185040156,-0.36493157082874944,hood
S3-5,-1.366843583195839,0.8602484626843222,whod
S3-5,0.5508769712123012,-0.5680478374076361,hud
S3-5,0.25314866596172236,0.11044692541970869,heard
S3-5,-1.0516018482246379,1.2448728823762565,heed
S3-5,-0.7713869726946814,1.2837674866147666,hid
S3-5,0.4457963928885675,0.9185903690420875,head
S3-5,1.6980066179130608,0.38054834374269625,had
S3-5,1.3740081680815486,-0.8467925011169593,hard
S3-5,-0.1496602176125902,-1.2119696186896385,hod
S3-5,-0.7976571172756148,-1.6506143220461702,hoard
S3-5,-0.1058766433110345,0.052105019061943376,hood
S3-5,-1.2792764345927277,1.0892944654222156,whod
S3-5,0.6296874049551014,-0.8251843876511202,hud
S3-5,0.2969322402632781,0.08667800060728578,heard
S3-5,-1.3405734386149057,1.3053756000806056,heed
S3-5,-0.5261989566059694,1.322662090853277,hid
S3-5,0.8836321359041246,0.8105498017128925,head
S3-5,1.0237395736691028,0.30491994661225974,had
S3-5,0.533363541491679,-1.0304614655765907,hard
S3-5,0.40201281858701177,-1.220612864075974,hod
S3-5,-0.7451168281137479,-1.6182021518474117,hoard
S3-5,-0.9465212699009042,-0.2828207396585612,hood
S3-5,-1.2179794305705496,0.6917051776507779,whod
S3-5,0.0780143687554995,-0.8467925011169593,hud
S3-5,0.45455310774887864,0.08667800060728578,heard
S4-1,-1.6455160162927553,1.4560301220495961,heed
S4-1,-0.38888633910228076,1.6336815997592673,hid
S4-1,0.900298511072403,0.5563113478425525,head
S4-1,2.0006633579386737,-0.05114209206793557,had
S4-1,0.7375226461513571,-0.893553937981537,hard
S4-1,0.02130884049875497,-1.1839090413349778,hod
S4-1,-0.7079270343475308,-1.701581626919073,hoard
S4-1,-0.38888633910228076,0.05774107168960475,hood
S4-1,-1.1897435945138268,0.8848710700582882,whod
S4-1,0.5096364352618927,-0.5306100587897359,hud
S4-1,0.4966143660682091,-0.041590937352361856,heard
S4-1,-1.4697180821780258,1.4980552027981207,heed
S4-1,-0.40190840829596447,0.9784723862709106,hid
S4-1,0.8091440267166173,0.6078875833066506,head
S4-1,2.1569281882628775,-0.11800017507695156,had
S4-1,0.5161474698587346,-0.9107460164695697,hard
S4-1,0.027819875095596806,-1.0043473326821921,hod
S4-1,-0.8121035878970002,-1.672928162772352,hoard
S4-1,-0.6102615153949033,0.42259518182452055,hood
S4-1,-1.300431182660138,0.8332948345941902,whod
S4-1,1.0044750646218725,-0.6815183032958005,hud
S4-1,0.3729047087282142,0.032908069429113104,heard
S4-1,-1.3460084248380308,1.6298611378730379,heed
S4-1,-0.584217377007536,0.9230756889205831,hid
S4-1,0.9263426494597704,0.9288063817499274,head
S4-1,1.297471621479755,-0.1695764105410496,had
S4-1,0.5291695390524183,-0.7846707742239967,hard
S4-1,0.07990815187033151,-1.2106522745385841,hod
S4-1,-0.74048220733174,-1.789452250302351,hoard
S4-1,-0.6818828959601635,0.2621357826028822,hood
S4-1,-1.3199642864506635,0.886781301001403,whod
S4-1,1.1477178257523928,-0.6070192965143256,hud
S4-1,0.04084194428928048,0.02335691471353939,heard
S4-1,-1.2092766983043524,1.7120010684269718,heed
S4-1,-0.47352978886122465,1.1045476285164837,hid
S4-1,0.21663987840401008,0.8409357583666491,head
S4-1,2.3522592261681328,-0.09507740375957464,had
S4-1,0.7896109229260918,-0.8438879334605537,hard
S4-1,0.07990815187033151,-1.279420588490715,hod
S4-1,-0.7665263457191074,-1.8314773310508756,hoard
S4-1,-0.5711953078138522,0.1723549282764893,hood
S4-1,-1.3199642864506635,0.5276578836958314,whod
S4-1,0.9133205802660866,-0.6203909131161288,hud
S4-1,0.0017757367082294575,0.04818991697403104,heard
S4-2,-1.1155871391833059,1.6504321533532758,heed
S4-2,-0.6004236486454823,1.4229613664913612,hid
S4-2,0.3308334304036604,0.7819073307896017,head
S4-2,2.840604281741775,0.11397038391325245,had
S4-2,1.0705553655348943,-0.7938448472902068,hard
S4-2,0.17892624729635348,-1.1309151950946803,hod
S4-2,-0.6004236486454823,-1.6499621723886855,hoard
S4-2,-0.3890745243222725,-0.4485028345089364,hood
S4-2,-1.0033079168866006,-0.001832925761904071,whod
S4-2,0.5289732344566695,-0.2396432938448148,hud
S4-2,0.13269362635065135,0.0043708229706936,heard
S4-2,-1.3335409236416158,1.7496921330748385,heed
S4-2,-0.7523308317527891,1.3898747065841734,hid
S4-2,-0.3296325831063698,0.8853031429995629,head
S4-2,2.28581283039335,-0.07834582679727535,had
S4-2,0.7337176986447789,-0.7793694335808122,hard
S4-2,0.17892624729635348,-1.1247114463620826,hod
S4-2,-0.5872143283752816,-1.4535101291897592,hoard
S4-2,-0.0456321972970568,-0.17553789027463887,hood
S4-2,-0.8514007337792937,0.2649282697397958,whod
S4-2,0.07985634526984894,-0.3678541009851667,hud
S4-2,0.2713914891877577,-0.03698750191329087,heard
S4-2,-1.1155871391833059,1.7331488031212448,heed
S4-2,-0.7985634526984913,1.5387646761665177,hid
S4-2,0.6874850776990767,1.2533922344670247,head
S4-2,1.9555798236383348,-0.008036674494501742,had
S4-2,0.7337176986447789,-0.8476106696393866,hard
S4-2,0.07325168513474864,-1.1267793626062819,hod
S4-2,-0.6532609297262846,-1.6230792612140954,hoard
S4-2,-0.23716734121496558,-0.45263866699733485,hood
S4-2,-1.3731688844522176,0.09329122147126022,whod
S4-2,0.5157639141864689,-0.05559874811108389,hud
S4-2,-0.2569813216202665,-0.05353083186688466,heard
S4-2,-1.3731688844522176,1.6669754833068695,heed
S4-2,-0.45512112567327556,1.3691955441421813,hid
S4-2,0.09306566554004954,1.1624039197222589,head
S4-2,2.51037127498676,-0.14865497910004896,had
S4-2,0.2912054695930586,-0.9241235706747579,hard
S4-2,-0.10507413851295953,-1.054402294059309,hod
S4-2,-0.6994935506719867,-1.6127396799930993,hoard
S4-2,-0.5145630668891783,-0.5353553167653038,hood
S4-2,-1.1948430608045095,-0.2127603826702249,whod
S4-2,0.845996920941484,-0.14451914661165052,hud
S4-2,0.04683304459434743,0.00023499048229515263,heard
S4-3,-1.20654262997986,1.7705656147343154,heed
S4-3,-0.6214508205129405,1.5841042012657591,hid
S4-3,0.3236974870874677,1.0263555872940258,head
S4-3,2.4185716580459484,0.3966394102291653,had
S4-3,0.18049319805710282,-0.7777403693359509,hard
S4-3,-0.29821828241583126,-1.0999587768210872,hod
S4-3,-0.8423945807312179,-1.546484793285261,hoard
S4-3,-0.4455141225613494,-0.4048175423988388,hood
S4-3,-0.9651411141858164,-0.2527042840429115,whod
S4-3,1.604352986130445,-0.40154628953096944,hud
S4-3,-0.27776052684006486,-0.35574874938079776,heard
S4-3,-1.0633383409494952,1.651164885057082,heed
S4-3,-0.4864296337128823,1.4712459773242648,hid
S4-3,0.7819512119846354,1.080331259613871,head
S4-3,2.00941654653062,0.1774654680819152,had
S4-3,0.23368336255409547,-0.7744691164680816,hard
S4-3,-0.16319709561577295,-1.068881874576328,hod
S4-3,-0.6664578827796267,-1.4663390980224607,hoard
S4-3,-0.43323946921588957,-0.5225826456421374,hood
S4-3,-1.0551552387191885,0.09404851995124539,whod
S4-3,1.125641505657511,-0.4555219618508146,hud
S4-3,-0.4168732647552765,-0.40154628953096944,heard
S4-3,-1.1942679766344002,1.5775616955300205,heed
S4-3,-0.4455141225613494,1.4565253394188524,hid
S4-3,0.7778596608694821,1.1801044720838878,head
S4-3,2.385839249124722,0.4162669274363818,had
S4-3,-0.3064013846461378,-0.7908253808074286,hard
S4-3,-0.08954917554301385,-0.94784551846516,hod
S4-3,-0.6091761671674808,-1.3992784142311379,hoard
S4-3,-0.34322534468251736,-0.35574874938079776,hood
S4-3,-1.1451693632525608,0.19545735885519694,whod
S4-3,1.125641505657511,-0.5929145823013297,hud
S4-3,-0.2695774246097583,-0.3066799563627567,heard
S4-3,-0.961049563070663,1.618452356378388,heed
S4-3,-0.67054943389478,1.590646707001498,hid
S4-3,0.7205779452573361,0.7859185015056245,head
S4-3,2.443120964736868,0.36883376085227537,had
S4-3,0.16412699359648966,-0.7859185015056245,hard
S4-3,-0.13864778892485324,-1.0770600067460014,hod
S4-3,-0.5682606560159479,-1.46961035089033,hoard
S4-3,-0.3841408558340502,-0.48332761122770457,hood
S4-3,-1.018331278682809,0.1741942152140458,whod
S4-3,0.8515075809422412,-0.5651089329244396,hud
S4-3,-0.06090831773694087,-0.3132224620984955,heard
S4-4,-0.9278851996415787,1.427856732601222,heed
S4-4,-0.6671571270150194,1.5154283141766471,hid
S4-4,0.2121610787059257,0.7710698707855325,head
S4-4,2.487141320251394,0.06358367226828107,had
S4-4,0.27862117564995065,-0.687688317036683,hard
S4-4,-0.12525172116373928,-1.180854592224604,hod
S4-4,-0.4626645210334043,-1.5864492858371002,hoard
S4-4,-0.6313709209682368,-0.5885941589381755,hood
S4-4,-0.917660569342498,0.2387268354191316,whod
S4-4,0.1201394060141989,-0.27287556220572123,hud
S4-4,-0.07924088481787588,-0.019378878697911283,heard
S4-4,-0.9483344602397402,1.5062102529581813,heed
S4-4,-0.6876063876131809,1.4555109162566193,hid
S4-4,-0.16615024236006232,1.4808605846074003,head
S4-4,2.926800423111867,0.2686855343791455,had
S4-4,0.7336172239590444,-0.5770715824150932,hard
S4-4,-0.13036403631327967,-1.291471326846194,hod
S4-4,-0.7233925936599636,-1.7800285714248822,hoard
S4-4,-0.5444615634260503,-0.5586354599781616,hood
S4-4,-1.2652979995112437,-0.23369880202724153,whod
S4-4,0.7336172239590444,-0.5425038528458463,hud
S4-4,-0.1405886666123604,-0.15995431227951498,heard
S4-4,-0.8563127875480134,1.4762515539981675,heed
S4-4,-0.5240123028278888,1.3541122428534953,hid
S4-4,0.2377226544536276,0.8102466309640122,head
S4-4,2.4513551142046115,-0.11616852149180236,had
S4-4,0.8205265815012308,-0.636988980335121,hard
S4-4,-0.11502709086465852,-1.19007265344307,hod
S4-4,-0.12525172116373928,-1.860686607086458,hoard
S4-4,-0.5495738785755907,-0.4364961488334895,hood
S4-4,-1.0965915995764113,0.6051447688531478,whod
S4-4,0.5649108240242119,-0.31205232238420094,hud
S4-4,-0.23261033930408723,0.010579820262102621,heard
S4-4,-1.0608053935296287,1.6191315028843876,heed
S4-4,-0.7233925936599636,1.5062102529581813,hid
S4-4,0.19682413325730458,0.8839911207117388,head
S4-4,2.7223078171302517,0.12350107018830887,had
S4-4,0.43710294528570237,-0.6024212507658742,hard
S4-4,-0.22238570900500648,-1.0402791586430005,hod
S4-4,-0.03834236362155284,-1.5864492858371002,hoard
S4-4,-0.6109216603700752,-0.14151818984258335,hood
S4-4,-0.8869866784452557,0.5682725239792845,whod
S4-4,0.4882260967811062,-0.28670265403342,hud
S4-4,0.0485669939206336,0.0036662743482532593,heard
S4-5,-1.5115587808491797,1.98033240912883,heed
S4-5,-0.6097114744160724,1.4228014143406065,hid
S4-5,0.8120242792549438,0.642952764309727,head
S4-5,1.363742631425786,-0.20289643962131598,had
S4-5,0.7377545010780997,-0.7882171413148714,hard
S4-5,-0.047383153934252555,-1.0661142103681915,hod
S4-5,-0.8484357614130714,-1.2797475822029314,hoard
S4-5,-0.4028170923520066,-0.376582107779641,hood
S4-5,-1.0447201751661594,0.7384798817968058,whod
S4-5,0.7483644693890774,-0.5467940625747996,hud
S4-5,0.042801576709058174,-0.21852814975556523,heard
S4-5,-1.384239161117447,1.9942272625814959,heed
S4-5,-0.3975121081965177,1.3272742968535278,hid
S4-5,1.1037984078068315,0.7297955983888895,head
S4-5,1.6449067916666957,-0.027473914781407673,had
S4-5,0.9022090098982545,-0.8073225648122871,hard
S4-5,-0.6309314110380279,-1.1130093407709392,hod
S4-5,-0.583186553638628,-1.6531717687433303,hoard
S4-5,-0.7211161416813385,-0.46689865522197005,hood
S4-5,-1.4744238917607575,0.2921077146299104,whod
S4-5,0.7961093267884772,-0.5850049095696311,hud
S4-5,-0.15878782119951876,-0.22200186311873174,heard
S4-5,-1.299359414629625,1.9716481257209137,heed
S4-5,-0.7423360783032941,1.3654851438483593,hid
S4-5,0.9287339306756989,0.8183752891496353,head
S4-5,2.1329653339716717,-0.04136876823407368,had
S4-5,1.236423011694053,-0.7361114408673739,hard
S4-5,-0.227752615220874,-1.1060619140446062,hod
S4-5,-0.44525696559591754,-1.2832212955660978,hoard
S4-5,-0.5937965219496057,-0.6371106100171287,hood
S4-5,-1.384239161117447,0.497056803056734,whod
S4-5,1.3531326631148082,-0.5450572058932164,hud
S4-5,0.021581640087102706,-0.30884469719789426,heard
S4-5,-1.4638139234497798,1.945595275497165,heed
S4-5,-0.6044064902605836,1.2143786125506164,hid
S4-5,0.764279421855544,1.0042189540790432,head
S4-5,1.8093613004868507,-0.060474191731489435,had
S4-5,0.9287339306756989,-0.6979005938725423,hard
S4-5,0.021581640087102706,-0.9949030864232782,hod
S4-5,-0.3975121081965177,-1.1494833310841874,hoard
S4-5,-0.4028170923520066,-0.42868780822713853,hood
S4-5,-1.2038696998308254,0.23479144413766315,whod
S4-5,1.1409332968952535,-0.5589520593458823,hud
S4-5,0.09054643410845797,-0.27758127692939577,heard
